Lynxoptics  Hours,,,,
,,11/4/2013,172,Software for Shopping cart
,,,,
,,,,
,,,,
,,,,
11/4/2013,40,LynxOptics website,,
30/7/2013,2,LynxOptics website,,
2/8/2013,2,LynxOptics website,,
19/8/2013,3.5,LynxOptics website,,
22/8/2013,1,LynxOptics website,,
28/8/2013,1.5,LynxOptics website,,
6/9/2013,3,LynxOptics website,,
18/9/2013,0.5,LynxOptics website,,
26/9/2013,4,LynxOptics website,,
27/9/2013,4,LynxOptics website,,
30/9/2013,1.5,LynxOptics website,,
10/10/2013,3.5,Lynxoptics website,,
30/10/2013,1,LynxOptics website,,
3/2/2014,1.5,LynxOptics website,,
11/6/2014,5,LynxOptics website,,
12/6/2014,2,LynxOptics website,,
22/9/2014,3.5,LynxOptics website,,
24/3/2015,2,LynxOptics website,,
22/5/2015,1.5,LynxOptics website,,
25/5/2015,1.5,LynxOptics website,,
5/11/2015,5,LynxOptics website,,
1/12/2015,4.5,LynxOptics website,,
30/12/2015,1,Lynxoptics website,,
8/1/2016,2,LynxOptics website,,
1/3/2016,1.5,LynxOptics website,,
6/4/2016,3.5,LynxOptics website,,
1/5/2016,2,LynxOptics website,,
17/5/2016,1,LynxOptics website,,
29/6/2016,2,LynxOptics website,,
1/9/2016,4,LynxOptics website,,
31/10/2016,1.5,LynxOptics website,,
31/11/2016,2.5,LynxOptics website,,
22/2/2017,1,LynxOptics website,,
1/3/2017,4.5,Lynxoptics website,,
1/7/2017,2,LynxOptics website,,
30/8/2017,3.5,LynxOptics website,,
22/9/2017,3.5,LynxOptics website,,
30/1/2017,2.5,LynxOptics website,,
7/12/2017,1.5,LynxOptics website,,
4/6/2018,3,LynxOptics website,,
1/10/2018,1.5,LynxOptics website,,
4/6/2018,3,LynxOptics website,,
1/10/2018,1.5,LynxOptics website,,
12/12/2018,1,LynxOptics website,,
14/3/2019,4.5,Lynxoptics website,,
29/8/2019,1.5,LynxOptics website,,
1/6/2020,3.5,LynxOptics website,,
24/8/2020,1,LynxOptics website,,
13/1/2021,4.5,LynxOptics website,,
26/5/2021,4,LynxOptics website,,
20/8/2021,1.5,LynxOptics website,,
30/12/2021,3,LynxOptics website,,
15/2/2022,2.5,LynxOptics website,,
30/4/2022,2.5,LynxOptics website,,
22/8/2023,2.5,LynxOptics website,,
3/4/2025,1,LynxOptics website,,
15/8/2025,3,LynxOptics website,,
,,,,
,,,,
,,,,
,,,,
,,,,
,,,,
,,,,